"Sample (Male/Female/Unknown)","Genotype (forward strand)","Population(s)","Father","Mother"
"NA20502 (F)","A|G","ALL, EUR, TSI","-","-"
"NA20503 (F)","G|A","ALL, EUR, TSI","-","-"
"NA20504 (F)","A|G","ALL, EUR, TSI","-","-"
"NA20505 (F)","G|A","ALL, EUR, TSI","-","-"
"NA20506 (F)","A|G","ALL, EUR, TSI","-","-"
"NA20507 (F)","A|G","ALL, EUR, TSI","-","-"
"NA20508 (F)","G|A","ALL, EUR, TSI","-","-"
"NA20509 (M)","A|A","ALL, EUR, TSI","-","-"
"NA20510 (M)","G|G","ALL, EUR, TSI","-","-"
"NA20511 (M)","A|A","ALL, EUR, TSI","-","-"
"NA20512 (M)","A|A","ALL, EUR, TSI","-","-"
"NA20513 (M)","G|A","ALL, EUR, TSI","-","-"
"NA20514 (F)","A|A","ALL, EUR, TSI","-","-"
"NA20515 (M)","G|G","ALL, EUR, TSI","-","-"
"NA20516 (M)","A|G","ALL, EUR, TSI","-","-"
"NA20517 (F)","G|A","ALL, EUR, TSI","-","-"
"NA20518 (M)","G|G","ALL, EUR, TSI","-","-"
"NA20519 (M)","G|A","ALL, EUR, TSI","-","-"
"NA20520 (M)","A|A","ALL, EUR, TSI","-","-"
"NA20521 (M)","A|A","ALL, EUR, TSI","-","-"
"NA20522 (F)","A|G","ALL, EUR, TSI","-","-"
"NA20524 (M)","G|A","ALL, EUR, TSI","-","-"
"NA20525 (M)","G|A","ALL, EUR, TSI","-","-"
"NA20527 (M)","A|A","ALL, EUR, TSI","-","-"
"NA20528 (M)","G|A","ALL, EUR, TSI","-","-"
"NA20529 (F)","G|G","ALL, EUR, TSI","-","-"
"NA20530 (F)","A|G","ALL, EUR, TSI","-","-"
"NA20531 (F)","G|G","ALL, EUR, TSI","-","-"
"NA20532 (M)","G|A","ALL, EUR, TSI","-","-"
"NA20533 (F)","G|A","ALL, EUR, TSI","-","-"
"NA20534 (M)","A|G","ALL, EUR, TSI","-","-"
"NA20535 (F)","G|G","ALL, EUR, TSI","-","-"
"NA20536 (M)","G|A","ALL, EUR, TSI","-","-"
"NA20538 (M)","G|G","ALL, EUR, TSI","-","-"
"NA20539 (M)","A|A","ALL, EUR, TSI","-","-"
"NA20540 (F)","A|A","ALL, EUR, TSI","-","-"
"NA20541 (F)","A|G","ALL, EUR, TSI","-","-"
"NA20542 (F)","A|G","ALL, EUR, TSI","-","-"
"NA20543 (M)","A|G","ALL, EUR, TSI","-","-"
"NA20544 (M)","A|A","ALL, EUR, TSI","-","-"
"NA20581 (M)","G|G","ALL, EUR, TSI","-","-"
"NA20582 (F)","G|G","ALL, EUR, TSI","-","-"
"NA20585 (F)","A|A","ALL, EUR, TSI","-","-"
"NA20586 (M)","G|A","ALL, EUR, TSI","-","-"
"NA20587 (F)","A|A","ALL, EUR, TSI","-","-"
"NA20588 (M)","G|G","ALL, EUR, TSI","-","-"
"NA20589 (F)","A|G","ALL, EUR, TSI","-","-"
"NA20752 (M)","G|A","ALL, EUR, TSI","-","-"
"NA20753 (F)","G|G","ALL, EUR, TSI","-","-"
"NA20754 (M)","A|G","ALL, EUR, TSI","-","-"
"NA20755 (M)","A|A","ALL, EUR, TSI","-","-"
"NA20756 (F)","A|A","ALL, EUR, TSI","-","-"
"NA20757 (F)","G|A","ALL, EUR, TSI","-","-"
"NA20758 (M)","G|G","ALL, EUR, TSI","-","-"
"NA20759 (M)","A|A","ALL, EUR, TSI","-","-"
"NA20760 (F)","A|A","ALL, EUR, TSI","-","-"
"NA20761 (F)","G|G","ALL, EUR, TSI","-","-"
"NA20762 (M)","A|A","ALL, EUR, TSI","-","-"
"NA20763 (M)","G|A","ALL, EUR, TSI","-","-"
"NA20764 (F)","G|G","ALL, EUR, TSI","-","-"
"NA20765 (M)","G|G","ALL, EUR, TSI","-","-"
"NA20766 (F)","A|G","ALL, EUR, TSI","-","-"
"NA20767 (M)","G|G","ALL, EUR, TSI","-","-"
"NA20768 (F)","G|A","ALL, EUR, TSI","-","-"
"NA20769 (F)","G|G","ALL, EUR, TSI","-","-"
"NA20770 (M)","A|A","ALL, EUR, TSI","-","-"
"NA20771 (F)","G|A","ALL, EUR, TSI","-","-"
"NA20772 (F)","G|G","ALL, EUR, TSI","-","-"
"NA20773 (F)","A|G","ALL, EUR, TSI","-","-"
"NA20774 (F)","G|A","ALL, EUR, TSI","-","-"
"NA20775 (F)","A|G","ALL, EUR, TSI","-","-"
"NA20778 (M)","A|G","ALL, EUR, TSI","-","-"
"NA20783 (M)","G|G","ALL, EUR, TSI","-","-"
"NA20785 (M)","A|A","ALL, EUR, TSI","-","-"
"NA20786 (F)","A|A","ALL, EUR, TSI","-","-"
"NA20787 (M)","A|G","ALL, EUR, TSI","-","-"
"NA20790 (F)","A|A","ALL, EUR, TSI","-","-"
"NA20792 (M)","G|A","ALL, EUR, TSI","-","-"
"NA20795 (F)","G|A","ALL, EUR, TSI","-","-"
"NA20796 (M)","G|G","ALL, EUR, TSI","-","-"
"NA20797 (F)","G|A","ALL, EUR, TSI","-","-"
"NA20798 (M)","A|A","ALL, EUR, TSI","-","-"
"NA20799 (F)","G|A","ALL, EUR, TSI","-","-"
"NA20800 (F)","A|G","ALL, EUR, TSI","-","-"
"NA20801 (M)","G|G","ALL, EUR, TSI","-","-"
"NA20802 (F)","G|A","ALL, EUR, TSI","-","-"
"NA20803 (M)","G|A","ALL, EUR, TSI","-","-"
"NA20804 (F)","A|A","ALL, EUR, TSI","-","-"
"NA20805 (M)","A|A","ALL, EUR, TSI","-","-"
"NA20806 (M)","A|G","ALL, EUR, TSI","-","-"
"NA20807 (F)","A|G","ALL, EUR, TSI","-","-"
"NA20808 (F)","G|A","ALL, EUR, TSI","-","-"
"NA20809 (M)","A|G","ALL, EUR, TSI","-","-"
"NA20810 (M)","A|A","ALL, EUR, TSI","-","-"
"NA20811 (M)","A|A","ALL, EUR, TSI","-","-"
"NA20812 (M)","A|G","ALL, EUR, TSI","-","-"
"NA20813 (F)","G|A","ALL, EUR, TSI","-","-"
"NA20814 (M)","G|G","ALL, EUR, TSI","-","-"
"NA20815 (M)","G|A","ALL, EUR, TSI","-","-"
"NA20818 (F)","G|A","ALL, EUR, TSI","-","-"
"NA20819 (F)","G|A","ALL, EUR, TSI","-","-"
"NA20821 (F)","A|G","ALL, EUR, TSI","-","-"
"NA20822 (F)","G|G","ALL, EUR, TSI","-","-"
"NA20826 (F)","A|G","ALL, EUR, TSI","-","-"
"NA20827 (M)","G|A","ALL, EUR, TSI","-","-"
"NA20828 (F)","A|G","ALL, EUR, TSI","-","-"
"NA20832 (F)","A|G","ALL, EUR, TSI","-","-"
